{"cameraMode":{"drawMode":0,"name":"Shaded","section":"Shading Mode"},"sceneLighting":false,"audioPlay":false,"sceneViewState":{"m_AlwaysRefresh":false,"showFog":true,"showSkybox":false,"showFlares":true,"showImageEffects":true,"showParticleSystems":true,"showVisualEffectGraphs":true,"m_FxEnabled":true},"in2DMode":false,"pivot":{"x":-0.00005072355270385742,"y":0.1573117971420288,"z":0.8467020988464356},"rotation":{"x":-0.00016503958613611758,"y":0.999221920967102,"z":-0.0392991341650486,"w":-0.004195716697722673},"size":0.33581113815307619,"orthographic":false}