{"cameraMode":{"drawMode":0,"name":"Shaded","section":"Shading Mode"},"sceneLighting":false,"audioPlay":false,"sceneViewState":{"m_AlwaysRefresh":false,"showFog":false,"showSkybox":false,"showFlares":false,"showImageEffects":false,"showParticleSystems":false,"showVisualEffectGraphs":true,"m_FxEnabled":true},"in2DMode":false,"pivot":{"x":1.1920928955078126e-7,"y":0.8423442244529724,"z":0.027632981538772584},"rotation":{"x":-0.023201771080493928,"y":0.9648491740226746,"z":-0.24565689265727998,"w":-0.09116128087043762},"size":1.123968243598938,"orthographic":false}