{"cameraMode":{"drawMode":0,"name":"Shaded","section":"Shading Mode"},"sceneLighting":false,"audioPlay":false,"sceneViewState":{"m_AlwaysRefresh":false,"showFog":true,"showSkybox":false,"showFlares":true,"showImageEffects":true,"showParticleSystems":true,"showVisualEffectGraphs":true,"m_FxEnabled":true},"in2DMode":false,"pivot":{"x":-0.5560169219970703,"y":1.1354882717132569,"z":-0.2519714832305908},"rotation":{"x":0.010381736792623997,"y":0.9867118000984192,"z":-0.14641262590885163,"w":0.06997761130332947},"size":0.8406069278717041,"orthographic":false}