{"cameraMode":{"drawMode":0,"name":"Shaded","section":"Shading Mode"},"sceneLighting":true,"audioPlay":false,"sceneViewState":{"m_AlwaysRefresh":false,"showFog":true,"showSkybox":false,"showFlares":true,"showImageEffects":true,"showParticleSystems":true,"showVisualEffectGraphs":true,"m_FxEnabled":true},"in2DMode":false,"pivot":{"x":9.300000190734864,"y":3.4800000190734865,"z":-6.300000190734863},"rotation":{"x":-0.005014499649405479,"y":0.9770756959915161,"z":-0.21163852512836457,"w":-0.02316165529191494},"size":1.200190544128418,"orthographic":false}