{"cameraMode":{"drawMode":0,"name":"Shaded","section":"Shading Mode"},"sceneLighting":false,"audioPlay":false,"sceneViewState":{"m_AlwaysRefresh":false,"showFog":true,"showSkybox":false,"showFlares":true,"showImageEffects":true,"showParticleSystems":true,"showVisualEffectGraphs":true,"m_FxEnabled":true},"in2DMode":false,"pivot":{"x":0.6749465465545654,"y":0.42260420322418215,"z":-0.4893210828304291},"rotation":{"x":-0.0021162356715649368,"y":0.9870334267616272,"z":-0.1601066291332245,"w":-0.013027983717620373},"size":1.3447800874710084,"orthographic":false}